{
    "bleu": 0.004396719205608471,
    "rouge1": 0.13963388221542608,
    "rouge2": 0.030682538351755793,
    "rougeL": 0.11631979070549808
}