{
    "test_loss": 4.021784782409668,
    "test_bleu": 0.09091087892651558,
    "test_rouge1": 0.349627822637558,
    "test_rouge2": 0.12672485411167145,
    "test_rougeL": 0.32598254084587097
}